{
	"credit": "Made with Blockbench",
	"texture_size": [16, 16],
	"textures": {
		"0": "item/locked_chest"
	},
	"elements": [
		{
			"from": [0, 0, 7],
			"to": [16, 16, 8],
			"rotation": {"angle": 0, "axis": "y", "origin": [0, 0, 7]},
			"faces": {
				"north": {"uv": [0, 0, 16, 16], "texture": "#0"},
				"east": {"uv": [0, 0, 1, 16], "texture": "#0"},
				"south": {"uv": [0, 0, 16, 16], "texture": "#0"},
				"west": {"uv": [0, 0, 0, 16], "texture": "#0"},
				"up": {"uv": [14, 0, 0, 0], "texture": "#0"},
				"down": {"uv": [14, 0, 0, 0], "texture": "#0"}
			}
		}
	],
	"display": {
		"thirdperson_righthand": {
			"translation": [0, -1.75, 2],
			"scale": [0.29, 0.29, 0.29]
		},
		"thirdperson_lefthand": {
			"translation": [0, -1.75, 2],
			"scale": [0.29, 0.29, 0.29]
		},
		"ground": {
			"rotation": [90, 0, 0],
			"translation": [0, -7.5, 0],
			"scale": [0.5, 0.5, 0.5]
		},
		"gui": {
			"scale": [1.12, 1.12, 1.12]
		},
		"head": {
			"translation": [0, 0, 0.7]
		},
		"fixed": {
			"translation": [0, 0, 1.4],
			"scale": [2, 2, 2]
		}
	}
}