{
	"credit": "Made by tog_yk",
	"texture_size": [64, 64],
	"textures": {
		"1": "item/painting_vitals",
		"particle": "item/painting_vitals"
	},
	"elements": [
		{
			"from": [0, 8, -8],
			"to": [16, 9, 24],
			"rotation": {"angle": 0, "axis": "y", "origin": [8, 8.5, 8]},
			"faces": {
				"north": {"uv": [8, 0.25, 12, 0.5], "texture": "#1"},
				"east": {"uv": [0, 8, 8, 8.25], "texture": "#1"},
				"south": {"uv": [8, 0.5, 12, 0.75], "texture": "#1"},
				"west": {"uv": [8, 0, 16, 0.25], "texture": "#1"},
				"up": {"uv": [4, 8, 0, 0], "texture": "#1"},
				"down": {"uv": [8, 0, 4, 8], "texture": "#1"}
			}
		}
	],
	"display": {
		"thirdperson_righthand": {
			"translation": [0, 0, -0.5],
			"scale": [0.25, 0.25, 0.25]
		},
		"thirdperson_lefthand": {
			"translation": [0, 0, -0.5],
			"scale": [0.25, 0.25, 0.25]
		},
		"firstperson_righthand": {
			"scale": [0.4, 0.4, 0.25]
		},
		"firstperson_lefthand": {
			"translation": [-9, 0, 0]
		},
		"ground": {
			"translation": [0, -3.5, 0],
			"scale": [0.13, 0.13, 0.13]
		},
		"gui": {
			"rotation": [90, 180, 0],
			"scale": [0.55, 0.55, 0.55]
		},
		"head": {
			"translation": [0.25, 6.75, 0.25],
			"scale": [1.8, 1.8, 1.8]
		},
		"fixed": {
			"rotation": [-90, 0, 0],
			"translation": [0, 16, 2],
			"scale": [2, 2.01, 2]
		}
	},
	"groups": [
		0,
		{
			"name": "group",
			"origin": [4.75, 7.75, 3.75],
			"color": 0,
			"children": [1, 2, 3, 4]
		},
		{
			"name": "painting",
			"origin": [8, 8, 8],
			"color": 0,
			"children": [5]
		}
	]
}