{
	"credit": "Made by tog_yk",
	"texture_size": [64, 64],
	"textures": {
		"0": "item/quest_bundle",
		"particle": "item/quest_bundle"
	},
	"elements": [
		{
			"from": [0, 0, 0],
			"to": [16, 8, 8],
			"faces": {
				"north": {"uv": [0, 6, 4, 8], "texture": "#0"},
				"east": {"uv": [8, 8, 10, 10], "texture": "#0"},
				"south": {"uv": [4, 6, 8, 8], "texture": "#0"},
				"west": {"uv": [0, 10, 2, 12], "texture": "#0"},
				"up": {"uv": [4, 10, 0, 8], "texture": "#0"},
				"down": {"uv": [12, 0, 8, 2], "texture": "#0"}
			}
		},
		{
			"from": [-0.1, -0.1, -0.1],
			"to": [16.1, 8.1, 8.1],
			"faces": {
				"north": {"uv": [8, 2, 12, 4], "texture": "#0"},
				"east": {"uv": [2, 10, 4, 12], "texture": "#0"},
				"south": {"uv": [4, 8, 8, 10], "texture": "#0"},
				"west": {"uv": [4, 10, 6, 12], "texture": "#0"},
				"up": {"uv": [12, 6, 8, 4], "texture": "#0"},
				"down": {"uv": [12, 6, 8, 8], "texture": "#0"}
			}
		},
		{
			"from": [0, 7, 8],
			"to": [16, 7, 32],
			"rotation": {"angle": -45, "axis": "x", "origin": [0, 7, 8]},
			"faces": {
				"north": {"uv": [0, 0, 4, 0], "texture": "#0"},
				"east": {"uv": [0, 0, 6, 0], "texture": "#0"},
				"south": {"uv": [0, 0, 4, 0], "texture": "#0"},
				"west": {"uv": [0, 0, 6, 0], "texture": "#0"},
				"up": {"uv": [4, 6, 0, 0], "texture": "#0"},
				"down": {"uv": [8, 0, 4, 6], "texture": "#0"}
			}
		}
	],
	"display": {
		"thirdperson_righthand": {
			"rotation": [90, -90, 0],
			"translation": [-1.5, -2, 0],
			"scale": [0.55, 0.75, 0.55]
		},
		"thirdperson_lefthand": {
			"rotation": [90, -90, 0],
			"translation": [-1.5, -2, 0],
			"scale": [0.55, 0.75, 0.55]
		},
		"firstperson_righthand": {
			"rotation": [0, 75, 0],
			"translation": [10.5, 2, 0]
		},
		"firstperson_lefthand": {
			"rotation": [0, 75, 0],
			"translation": [10.5, 2, 0]
		},
		"ground": {
			"rotation": [43.4, 3.34, 8.39],
			"scale": [0.36, 0.36, 0.36]
		},
		"gui": {
			"rotation": [0, 180, 0]
		}
	}
}